[
  {
    "id": "de43403d322fb287",
    "timestamp": "2026-01-06T16:05:16.190Z",
    "status": "BLOCKED",
    "reason": "Non-residential IP: Data Center",
    "ip": "52.56.172.211",
    "country": "GB",
    "countryName": "United Kingdom",
    "city": "London",
    "region": "England",
    "loc": "51.5085,-0.1257",
    "org": "AS16509 Amazon.com, Inc.",
    "isp": "Amazon.com, Inc.",
    "asn": "16509",
    "hostname": "ec2-52-56-172-211.eu-west-2.compute.amazonaws.com",
    "postal": "Unknown",
    "timezone": "Europe/London",
    "isBot": false,
    "botReason": null,
    "userAgent": "Mozilla/5.0 (Macintosh; Intel Mac OS X 10_15_7) AppleWebKit/537.36 (KHTML, like Gecko) Chrome/143.0.0.0 Safari/537.36",
    "ipType": "Data Center",
    "isVPN": false,
    "isDataCenter": true,
    "fingerprint": {
      "canvasHash": "//u99UsgAAAAZJREFUAwBzHMEtTeqEcgAAAABJRU5ErkJggg==",
      "screen": "1440x900x24",
      "timezone": "America/Los_Angeles",
      "language": "en-US",
      "platform": "MacIntel",
      "hardwareConcurrency": 2,
      "deviceMemory": 8,
      "pluginsCount": 5
    },
    "pageUrl": "http://localhost:3000/c6caa436cc06fb4d?token=2059e6077c68d8e7ef4b4802b8b4f226591d76a3bc2cb313057df7f68e11ee5e",
    "referrer": "http://localhost:3000/admin.html",
    "source": "client"
  },
  {
    "id": "53387433dba33f98",
    "timestamp": "2026-01-06T16:05:03.885Z",
    "status": "BLOCKED",
    "reason": "Non-residential IP: Data Center",
    "ip": "52.56.172.211",
    "country": "GB",
    "countryName": "United Kingdom",
    "city": "London",
    "region": "England",
    "loc": "51.5085,-0.1257",
    "org": "AS16509 Amazon.com, Inc.",
    "isp": "Amazon.com, Inc.",
    "asn": "16509",
    "hostname": "ec2-52-56-172-211.eu-west-2.compute.amazonaws.com",
    "postal": "Unknown",
    "timezone": "Europe/London",
    "isBot": false,
    "botReason": null,
    "userAgent": "Mozilla/5.0 (Macintosh; Intel Mac OS X 10_15_7) AppleWebKit/537.36 (KHTML, like Gecko) Chrome/143.0.0.0 Safari/537.36",
    "ipType": "Data Center",
    "isVPN": false,
    "isDataCenter": true,
    "fingerprint": {
      "canvasHash": "//u99UsgAAAAZJREFUAwBzHMEtTeqEcgAAAABJRU5ErkJggg==",
      "screen": "1440x900x24",
      "timezone": "America/Los_Angeles",
      "language": "en-US",
      "platform": "MacIntel",
      "hardwareConcurrency": 2,
      "deviceMemory": 8,
      "pluginsCount": 5
    },
    "pageUrl": "http://localhost:3000/40fa9a06cc5eb666?token=3ae9a63e80ac0f8cc7a8da00d431a20787dd14d8f967370a8e734a6e6d8a1b4c",
    "referrer": "http://localhost:3000/admin.html",
    "source": "client"
  },
  {
    "id": "9c3b369c5204016b",
    "timestamp": "2026-01-06T16:04:30.104Z",
    "status": "BLOCKED",
    "reason": "Non-residential IP: Data Center",
    "ip": "52.56.172.211",
    "country": "GB",
    "countryName": "United Kingdom",
    "city": "London",
    "region": "England",
    "loc": "51.5085,-0.1257",
    "org": "AS16509 Amazon.com, Inc.",
    "isp": "Amazon.com, Inc.",
    "asn": "16509",
    "hostname": "ec2-52-56-172-211.eu-west-2.compute.amazonaws.com",
    "postal": "Unknown",
    "timezone": "Europe/London",
    "isBot": false,
    "botReason": null,
    "userAgent": "Mozilla/5.0 (Macintosh; Intel Mac OS X 10_15_7) AppleWebKit/537.36 (KHTML, like Gecko) Chrome/143.0.0.0 Safari/537.36",
    "ipType": "Data Center",
    "isVPN": false,
    "isDataCenter": true,
    "fingerprint": {
      "canvasHash": "//u99UsgAAAAZJREFUAwBzHMEtTeqEcgAAAABJRU5ErkJggg==",
      "screen": "1440x900x24",
      "timezone": "America/Los_Angeles",
      "language": "en-US",
      "platform": "MacIntel",
      "hardwareConcurrency": 2,
      "deviceMemory": 8,
      "pluginsCount": 5
    },
    "pageUrl": "http://localhost:3000/2cb2edfd6f2ae8d9?token=fe8b4ba893c279e136ca85c8d7a2c3867135c2a817be9df343911785f30cc955",
    "referrer": "http://localhost:3000/admin.html",
    "source": "client"
  }
]